clase,instruccion
nada,"1.- Periodo de referencia de los datos: 
Durante el año: la información se refiere a lo existente del 1 de enero al 31 de diciembre de 2021.
Al cierre del año: la información se refiere a lo existente al 31 de diciembre de 2021."
nada,"2.- Los catálogos utilizados en el presente cuestionario corresponden a denominaciones estándar, de tal forma que si el nombre de alguna clasificación no coincide exactamente con la utilizada en su institución, debe registrar los datos en aquella que sea homóloga. "
nada,"3.- En caso de que los registros con los que cuente no le permitan desglosar la información de acuerdo con los requerimientos solicitados, anote ""NS"" (No se sabe) en las celdas donde no disponga de información. En el recuadro para comentarios de cada pregunta debe proporcionar una justificación respecto del uso del ""NS"" en determinado reactivo. "
nada,"4.- No deje celdas en blanco, salvo en los casos en que la instrucción así lo solicite. "
nada,"Debe anotar el nombre de cada uno de los Tribunales Unitarios Agrarios que registre, no su clave y/o número de identificación."
nada,"En el Complemento debe anotar la ubicación geográfica de cada uno de los Tribunales Unitarios Agrarios que registre, de acuerdo con los datos solicitados (ir al vínculo que se encuentra al final de las instrucciones). "
fecha,"En la columna ""Fecha  de creación"", anote la fecha en la que se creó el Tribunal Unitario Agrario, de acuerdo con el formato correspondiente  [D. Día (dos dígitos dd), M. Mes (dos dígitos mm) y A. Año (cuatro dígitos aaaa)]. En caso de que desconozca algún dato, anote ""NS"" en las celdas correspondientes."
especifique,"En caso de que seleccione el código ""Otra (especifique)"" deberá especificar el nombre de la circunscripción en el recuadro que se encuentra al final de la tabla."
catalogo,"En la columna ""¿Tiene competencia en toda la entidad federativa?"", debe seleccionar el código ""1. Sí"", en el supuesto de que el Tribunal Unitario Agrario tenga competencia para conocer de cualquier asunto que haya ocurrido en su entidad federativa. En caso de que el Tribunal Unitario Agrario solo tenga competencia para conocer de asuntos que se hayan originado en alguna región o circunscripción de la entidad, debe seleccionar el código ""2. No""."
nada,La lista de los Tribunales Unitarios Agrarios que se despliega corresponde a los que reportó como respuesta en la pregunta anterior.
catalogox,"Para cada Tribunal Unitario Agrario, seleccione con una ""X"" la o las opciones que correspondan."
especifique,"En caso de que seleccione la columna ""Otro tipo"", debe anotar el nombre de dicho(s) estatus en el recuadro destinado para tal efecto que se encuentra al final de la tabla de respuesta."
catalogo,"En caso de que determinado Tribunal Unitario Agrario no haya contado con computadoras en funcionamiento, o no cuente con información para determinarlo, indique en la columna correspondiente las opciones ""2. No"" o ""9. No se sabe"" y deje el resto de la fila en blanco."
consistencia,"Para cada Tribunal Unitario Agrario, la cantidad registrada en la columna ""Computadoras con conexión a internet"" debe ser igual o menor a la cantidad reportada en la columna ""Computadoras""."
nada,La lista de los Tribunales Unitarios Agrarios que se despliega corresponde a los que reportó como respuesta en la pregunta 2.1.
catalogox,"Para cada Tribunal Unitario Agrario, en caso de que no haya seleccionado la columna ""Salas de audiencias"" de la pregunta 2.3, anote una ""X"" en la columna ""No aplica"" y deje el resto de la fila en blanco."
consistencia,"Para cada Tribunal Unitario Agrario, la cantidad registrada en la columna ""Computadora de escritorio (personal y/o portátil)"" debe ser igual o menor a la cantidad reportada como respuesta en la columna ""Computadoras"" de la pregunta anterior."
consistencia,"Para cada Tribunal Unitario Agrario, la cantidad registrada en la columna ""Total"" debe ser igual o menor a la suma de las cantidades reportadas en las columnas correspondientes a ""Tipo de mobiliario o equipo"", toda vez que una sala de audiencia pública pudo haber contado con más de un tipo de equipo."
consistencia,"Para cada Tribunal Unitario Agrario, la cantidad registrada en cada una de las columnas correspondientes a ""Tipo de mobiliario o equipo"" debe ser igual o menor a la cantidad reportada en la columna ""Total"". "
especifique,"En caso de que registre algún valor numérico o ""NS"" para la columna ""Otro tipo de mobiliario o equipo"", debe anotar el nombre de dicho(s) tipo(s) de mobiliario(s) o equipo(s) en el recuadro destinado para tal efecto que se encuentra al final de la tabla de respuesta. En caso de que la opción contenida en dicha columna no le aplique, anote ""NA"" (No aplica) en las celdas correspondientes. "
consistencia,"1.- Para las preguntas 2.8 a la 2.14 la cantidad registrada en la columna ""Total"" debe ser igual a la cantidad reportada como respuesta en la columna ""Total"" de la pregunta 2.7, así como corresponder a su desagregación por sexo y cargo y/o función desempeñada."
especifique,"En caso de que registre algún valor numérico o ""NS"" en la columna ""Otro cargo y/o función desempeñada"", debe anotar el nombre de dicho(s) cargo(s) y/o función(es) desempeñada(s) en el recuadro destinado para tal efecto que se encuentra al final de la tabla de respuesta. En caso de que la opción contenida en dicha columna no le aplique, anote ""NA"" (No aplica) en las celdas correspondientes."
edad,Debe considerar los años cumplidos al cierre del año 2021 del personal adscrito a los Tribunales Unitarios Agrarios.
nada,Debe considerar en pesos los ingresos brutos mensuales del personal adscrito a los Tribunales Unitarios Agrarios.
nada,"Debe considerar el grado máximo de estudios del que hayan cursado todos los años al cierre del 31 de diciembre de 2021 el personal adscrito a los Tribunales Unitarios Agrarios, independientemente de que se cuente con el título o certificado del mismo."
nada,"En la columna ""Acciones de formativas impartidas"" debe considerar las acciones formativas impartidas del 1 de enero al 31 de diciembre de 2021 al personal adscrito a los Tribunales Unitarios Agrarios, independientemente de que hayan concluido durante el referido año. Debe considerar tanto las acciones impartidas por la propia institución como las realizadas por organizaciones externas."
nada,"En la columna ""Acciones formativas impartidas y concluidas"" debe considerar las acciones de capacitación impartidas del 1 de enero al 31 de diciembre de 2021 al personal adscrito a los Tribunales Unitarios Agrarios, y que además hayan concluido durante el referido año. Debe considerar tanto las acciones impartidas por la propia institución como las realizadas por organizaciones externas."
nada,"Debe considerar al personal adscrito a los Tribunales Unitarios Agrarios que haya concluido determinada acción formativa impartida y concluida entre el 1 de enero y el 31 de diciembre de 2021, independientemente de que, por cuestiones de temporalidad, cuente con el certificado, constancia, calificación aprobatoria o cualquier documento que lo acredite."
nada,"En caso de que un servidor público haya concluido más de una acción formativa impartida y concluida entre el 1 de enero y el 31 de diciembre de 2021, debe ser considerado una sola vez en el registro de esta pregunta. "
catalogox,"En caso de que no se haya realizado alguna acción formativa en determinado tema listado, anote una ""X"" en la columna ""No se realizaron acciones formativas"" y deje el resto de la fila en blanco."
nada,"En la columna ""Acciones formativas impartidas"" debe considerar las acciones formativas en los temas listados impartidas del 1 de enero al 31 de diciembre de 2021 al personal adscrito  a los Tribunales Unitarios Agrarios, independientemente de que hayan concluido durante el referido año. Debe considerar tanto las acciones impartidas por la propia institución como las realizadas por organizaciones externas."
nada,"En la columna ""Acciones formativas impartidas y concluidas"" debe considerar las acciones formativas en los temas listados impartidas del 1 de enero al 31 de diciembre de 2021 al personal adscrito a los Tribunales Unitarios Agrarios, y que además hayan concluido durante el referido año. Debe considerar tanto las acciones impartidas por la propia institución como las realizadas por organizaciones externas."
nada,"En caso de que una acción formativa haya contemplado más de un tema, debe registrarla tantas veces como sea necesario en el o los temas correspondientes. "
consistencia,"La suma de las cantidades registradas en la columna ""Acciones formativas impartidas"" debe ser igual o mayor a la cantidad reportada como respuesta en la columna ""Acciones formativas impartidas"" de la pregunta anterior. "
consistencia,"La suma de las cantidades registradas en la columna ""Acciones formativas impartidas y concluidas"" debe ser igual o mayor a la cantidad reportada como respuesta en la columna ""Acciones formativas impartidas y concluidas"" de la pregunta anterior. "
nada,"Debe considerar al personal adscrito a los Tribunales Unitarios Agrarios, que haya concluido determinada acción formativa en los temas listados impartida y concluida entre el 1 de enero y el 31 de diciembre de 2021, independientemente de que, por cuestiones de temporalidad, cuente con el certificado, constancia, calificación aprobatoria o cualquier documento que lo acredite."
nada,"En caso de que un servidor público haya concluido más de una acción formativa impartida y concluida entre el 1 de enero y el 31 de diciembre de 2021, debe registrarlo tantas veces como sea necesario en el o los temas correspondientes."
consistencia,"La suma de las cantidades registradas en la columna ""Total"" debe ser igual o mayor a la cantidad reportada como respuesta en la columna ""Total"" de la pregunta anterior, así como corresponder a su desagregación por cargo y/o función desempeñada y sexo."
especifique,"En caso de que registre algún valor numérico o ""NS"" para el numeral 7, debe anotar el nombre de dicho(s) tema(s) en el recuadro destinado para tal efecto que se encuentra al final de la tabla de respuesta."
consistencia,La suma de las cantidades registradas debe ser igual a la cantidad reportada como respuesta en el numeral 3 de la pregunta 3.1.
catalogo,"En caso de que hayan seleccionado para determinado Tribunal el código ""2"" o ""9"" en la columna ""¿Contaban con algún órgano o unidad cuya principal atribución haya sido el desarrollo de actividades para la generación y tratamiento de información estadística y/o geográfica?"" de la pregunta anterior, anote una ""X"" en la columna ""No aplica"" y deje el resto de la fila en blanco."
catalogo,"En caso de que haya seleccionado para el numeral 2 el código ""2"" o ""9"" en el numeral 2 ""¿Sistema informático para el seguimiento de expedientes agrarios electrónicos?"" de la pregunta anterior, no puede contestar este reactivo."
catalogox,"En el apartado ""Información recopilada"" seleccione con una ""X"" el o los códigos que correspondan."
consistencia,"La cantidad registrada en el recuadro ""Total de servidores públicos adscritos al órgano o unidad"" debe ser igual o menor a la cantidad reportada como respuesta en el recuadro ""Total de personal"" de la pregunta 1.8, así como corresponder a su desagregación por sexo."
consistencia,"La cantidad registrada en el recuadro ""Total de servidores públicos adscritos al órgano o unidad"" debe ser igual o menor a la cantidad reportada como respuesta en el recuadro ""Total de personal"" de la pregunta 2.7, así como corresponder a su desagregación por sexo."
catalogo,"1.- En caso de que haya seleccionado el código ""2"" o ""9"" en la columna ""¿Contaban con algún órgano interno de control u homólogo?"" de la pregunta 5.1, no puede registrar información en las preguntas 5.2 y 5.3."
nada,Las cifras deben anotarse en pesos mexicanos (no debe agregar la frase “miles o millones de pesos”).
nada,Únicamente desagregue dos decimales para las cifras registradas.
consistencia,La cantidad registrada debe ser igual o menor a la cantidad reportada como respuesta en el numeral 3 de la pregunta 3.1.
salto,"1.- En caso de que no seleccione la columna ""Mecanismos para la recepción de denuncias en contra de servidores públicos"" de la pregunta 5.4 pase a la pregunta 5.9."
catalogo,"En caso de que no hayan contado con mecanismos y/o elementos para el ejercicio de la función de control interno, o no cuente con información para determinarlo, indíquelo en la columna correspondiente conforme al catálogo respectivo y deje el resto de la fila en blanco."
catalogox,"Seleccione con una ""X"" la o las columnas que correspondan."
catalogo,"En caso de que no hayan contado con mecanismos y/o procedimientos para la protección de servidores públicos y ciudadanos que denuncien hechos de corrupción, o no cuente con información para determinarlo, indíquelo en la columna correspondiente conforme al catálogo respectivo y deje el resto de la fila en blanco."
catalogox,"Seleccione con una ""X"" la o las columnas que correspondan."
catalogo,"En caso de que no hayan contado con determinado medio para la recepción de denuncias, o no cuenten con información para determinarlo, indíquelo en la columna correspondiente conforme al catálogo respectivo y deje el resto de la fila en blanco."
consistencia,"La cantidad registrada en la columna ""Total"" debe ser igual a la suma de las cantidades reportadas como respuesta en la columna ""Denuncias recibidas"" de la pregunta anterior. En caso de que esta instrucción no le aplique, justifíquelo en el recuadro que se encuentra al final de la tabla de respuesta."
especifique,"En caso de que registre algún valor numérico o ""NS"" en la columna ""Otro estatus"", debe anotar el nombre de dicho(s) tipo(s) de estatus en el recuadro destinado para tal efecto que se encuentra al final de la tabla de respuesta. En caso de que la opción contenida en dicha columna no le aplique, anote ""NA"" (No aplica) en la celda correspondiente."
consistencia,"La cantidad registrada en la columna ""Total"" debe ser igual o mayor a la suma de las cantidades reportadas como respuesta en la columna ""Denuncias recibidas"" de la pregunta 5.6, toda vez que una denuncia pudo haber sido impuesta por uno o más tipos de denunciantes."
especifique,"En caso de que registre algún valor numérico o ""NS"" en la columna ""Otro tipo de denunciante"", debe anotar el nombre de dicho(s) tipo(s) de denunciante(s) en el recuadro destinado para tal efecto que se encuentra al final de la tabla de respuesta. En caso de que la opción contenida en dicha columna no le aplique, anote ""NA"" (No aplica) en la celda correspondiente."
salto,"En caso de que no haya seleccionado la columna ""Aplicación de auditorías por parte de autoridades competentes internas y externas"" de la pregunta 5.4, no puede contestar este reactivo."
consistencia,"En caso de que haya seleccionado el código ""2"" o ""9"" en la columna ""¿Contaban con algún órgano interno de control u homólogo?"" de la pregunta 5.1, para el numeral 1 seleccione el código ""8"" en la columna ""¿Aplicó alguna auditoría?"" y deje el resto de la fila en blanco."
catalogo,"En caso de que determinada autoridad de control, vigilancia y/o fiscalización no le hayan aplicado alguna auditoría, o no cuenten con información para determinarlo, indíquelo en la columna correspondiente conforme al catálogo respectivo y deje el resto de la fila en blanco."
nada,"Para cada autoridad de control, vigilancia y/o fiscalización, en caso de que seleccione el código ""1"" en la columna ""¿Aplicó alguna auditoría?"", debe anotar la cantidad de auditorías aplicadas a los órganos y/o unidades técnicas y administrativas y  órganos jurisdiccionales, así como la cantidad de los mismos que presentaron observaciones y/o anomalías, aun cuando dicha cantidad de órganos administrativos y órganos jurisdiccionales sea cero."
especifique,"En caso de que seleccione para el numeral 4 el código ""1"" en la columna ""¿Aplicó alguna auditoría"", debe anotar el nombre de dicha(s) autoridad(es) en el recuadro destinado para tal efecto que se encuentra al final de la tabla de respuesta."
consistencia,"La cantidad registrada en el numeral 2 debe ser igual o menor a la cantidad reportada como respuesta en la columna ""Procedentes"" de la pregunta 5.7. En caso de que esta instrucción no le aplique, justifíquelo en el recuadro que se encuentra al final de los recuadros de respuesta."
especifique,"En caso de que registre algún valor numérico o ""NS"" para el numeral 5, debe anotar el nombre de dicho(s) tipo(s) de origen(es) en el recuadro destinado para tal efecto que se encuentra al final de las opciones de respuesta. En caso de que la opción contenida en dicho numeral no le aplique, anote ""NA"" en la celda correspondiente."
nada,"Para las columnas ""Improcedencia"" y ""Sobreseimiento"", la información que debe registrar es la relacionada con aquella atención que se haya realizado antes de iniciar el procedimiento de responsabilidad administrativa, toda vez que las improcedencias y sobreseimientos que se derivaron ya iniciado el mismo deben ser reportados en la pregunta 5.14."
especifique,"En caso de que registre algún valor numérico o ""NS"" en la columna ""Otro tipo de atención"", debe anotar el nombre de dicho(s) tipo(s) de atención en el recuadro destinado para tal efecto que se encuentra al final de la tabla de respuesta. En caso de que la opción contenida en dicha columna no le aplique, anote ""NA"" (No aplica) en la celda correspondiente."
consistencia,"La cantidad registrada en el recuadro ""Total de procedimientos de responsabilidad administrativa iniciados"" debe ser igual a la cantidad reportada como respuesta en la columna ""Admisión"" de la pregunta anterior. En caso de que esta instrucción no le aplique, justifíquelo en el recuadro que se encuentra al final de las opciones de respuesta."
catalogo,"En caso de que los Magistrados visitadores del Tribunal Superior Agrario no hayan recibido quejas con motivo de las visitas de supervisión a los Tribunales Unitarios Agrarios, indíquelo en la columna correspondiente conforme al catálogo respectivo y deje el resto de la fila en blanco."
catalogo,"En caso de que determinado centro penitenciario federal no se haya encontrado en operación bajo el esquema de contrato de prestación de servicios, o no cuente con información para determinarlo, indíquelo en la columna correspondiente conforme al catálogo respectivo y deje el resto de la fila en blanco."
nada,"Únicamente debe considerar la información correspondiente a las certificaciones o acreditaciones de los centros penitenciarios federales relacionadas con su infraestructura, la prestación de servicios a la población privada de la libertad, así como con los procesos y sistemas de gestión de calidad al interior de los mismos."
catalogo,"En caso de que determinado centro penitenciario federal no haya contado con alguna certificación o acreditación, se haya encontrado en proceso de certificación, o no cuente con información para determinarlo, indíquelo en la columna correspondiente conforme al catálogo respectivo y deje el resto de la fila en blanco."
nada,"En el Complemento 2 debe anotar, por cada centro penitenciario federal, el nombre de las certificaciones o acreditaciones que registre, la autoridad o asociación que la haya otorgado, así como su año de vencimiento."
nada,"Por capacidad instalada debe considerar los espacios destinados como camas útiles, mas no las personas privadas de la libertad.                                                                                                                                     "
nada,"En el apartado ""Espacios (camas útiles) para población con sentencia y sin sentencia"" debe considerar aquellos espacios destinados a la población privada de la libertad sin distinción del estatus jurídico de la misma.                                                             "
consistencia,"Para cada centro penitenciario federal, en caso de que en la columna ""Tipo de centro penitenciario federal"" de la pregunta 1.1 haya seleccionado el código 1, 4, 7 o 10, no puede registrar información en las columnas ""Mujeres""."
consistencia,"Para cada centro penitenciario federal, en caso de que en la columna ""Tipo de centro penitenciario federal"" de la pregunta 1.1 haya seleccionado el código 2, 5, 8 u 11, no puede registrar información en las columnas ""Hombres""."
catalogo,"En caso de que determinado centro penitenciario federal no haya contado con espacios físicos de infraestructura, o no cuente con información para determinarlo, indíquelo en la columna correspondiente conforme al catálogo respectivo y deje el resto de la fila en blanco."
catalogox,"Para cada centro penitenciario federal, seleccione con una ""X"" la o las opciones que correspondan."
especifique,"En caso de que seleccione la columna ""Otros espacios"", debe anotar el nombre de dicho(s) espacio(s) en el recuadro destinado para tal efecto que se encuentra al final de la tabla de respuesta. "
catalogo,"En caso de que determinado centro penitenciario federal no haya contado con espacios de infraestructura especializada, o no cuente con información para determinarlo, indíquelo en la columna correspondiente conforme al catálogo respectivo y deje el resto de la fila en blanco."
catalogox,"Para cada centro penitenciario federal, seleccione con una ""X"" la o las opciones que correspondan."
nada,"En la columna ""Espacios para la maternidad"" debe considerar aquellos espacios de infraestructura especializada destinados a tal fin, como son las salas de parto, salas para la lactancia materna, etc. "
nada,"En la columna ""Espacios para la educación integral y formativa de las niñas y niños que viven con sus madres privadas de la libertad"" debe considerar aquellos espacios de infraestructura especializada destinados a tal fin, como son los centros de desarrollo infantil, guarderías, ludotecas, etc."
especifique,"En caso de que seleccione la columna ""Otro tipo de espacio especializado"", debe anotar el nombre de dicho(s) espacio(s) en el recuadro destinado para tal efecto que se encuentra al final de la tabla de respuesta. "
consistencia,"Para cada centro penitenciario federal, la cantidad registrada en la columna ""Total"" debe ser igual o menor a la suma de las cantidades reportadas en las columnas correspondientes al apartado ""Tipo de servicio con el que contaban"", toda vez que una celda pudo contar con más de un tipo de servicio listado."
consistencia,"Para cada centro penitenciario federal, la cantidad registrada en cada una de las columnas del apartado ""Tipo de servicio con el que contaban"" debe ser igual o menor a la cantidad reportada en la columna ""Total""."
nada,"En caso de que algunas celdas hayan contado con áreas comunes donde se preste determinado servicio listado, debe contabilizarlas en la columna que corresponda a dicho servicio."
especifique,"En caso de que registre algún valor numérico o ""NS"" para la columna ""Otros servicios"", debe anotar el nombre de dicho(s) servicio(s) en el recuadro destinado para tal efecto que se encuentra al final de la tabla de respuesta. En caso de que la opción contenida en dicha columna no le aplique, anote ""NA"" (No aplica) en las celdas correspondientes. "
catalogo,"En caso de que determinado centro penitenciario federal no haya contado con infraestructura tecnológica para el registro de datos biométricos de la población privada de la libertad, o no cuente con información para determinarlo, indíquelo en la columna correspondiente conforme al catálogo respectivo y deje el resto de la fila en blanco."
catalogox,"Para cada centro penitenciario federal, seleccione con una ""X"" la o las opciones que correspondan."
especifique,"En caso de que seleccione la columna ""Otro tipo de tecnología"", debe anotar el nombre de dicho(s) tipo(s) de tecnología en el recuadro destinado para tal efecto que se encuentra al final de la tabla de respuesta. "
nada,"No debe considerar el suministro de alimentos y agua potable, ni el suministro de medicamentos y anticonceptivos, toda vez que dicha información se requiere en las preguntas 1.12 y 1.13, respectivamente."
catalogo,"En caso de que no se le hayan otorgado suministros a la población privada de la libertad en determinado centro penitenciario federal, o no cuente con información para determinarlo, indíquelo en la columna correspondiente conforme al catálogo respectivo y deje el resto de la fila en blanco."
catalogox,"Para cada centro penitenciario federal, en el apartado ""Suministros otorgados a la población privada de la libertad"" seleccione con una ""X"" el o los códigos que correspondan."
catalogo,"Para cada centro penitenciario federal, en el apartado ""Frecuencia en la que se proporcionaron los suministros otorgados"" señale, según el código de cada uno de los suministros otorgados seleccionados con anterioridad, la frecuencia en la que se proporcionaron. Por ejemplo: en caso de que semanalmente se haya proporcionado papel higiénico a la población privada de la libertad, en la columna 10 del apartado ""Frecuencia en la que se proporcionaron los suministros otorgados"" debe anotar el código ""2""."
consistencia,"Para cada suministro otorgado, en caso de que en el apartado ""Suministros otorgados a la población privada de la libertad"" no haya anotado una ""X"", no puede registrar información en la columna correspondiente del apartado ""Frecuencia en la que se proporcionaron los suministros otorgados"". "
especifique,"En caso de que seleccione la columna 22 del apartado ""Suministros otorgados a la población privada de la libertad"", debe anotar el nombre de dicho(s) suministro(s) en el recuadro destinado para tal efecto que se encuentra al final de la última tabla de respuesta."
nada,"1.- Periodo de referencia de los datos: 
Durante el año: la información se refiere a lo existente del 1 de enero al 31 de diciembre de 2021.
Al cierre del año: la información se refiere a lo existente al 31 de diciembre de 2021."
nada,"2.- Los catálogos utilizados en el presente cuestionario corresponden a denominaciones estándar, de tal forma que si el nombre de alguna clasificación no coincide exactamente con la utilizada en su institución, debe registrar los datos en aquella que sea homóloga. "
nada,"3.- Únicamente debe considerar la información de los centros penitenciarios que son responsabilidad de la Administración Pública Federal, por lo que no deberá considerar los centros penitenciarios que son responsabilidad de las administraciones públicas estatales y/o de las administraciones públicas municipales o de las demarcaciones territoriales de la Ciudad de México. "
nada,4.- Únicamente debe considerar la información de los centros penitenciarios federales listados en la pregunta 1.1 del módulo 1 del presente censo.
nada,"5.- Salvo aquellas preguntas que no requieran información por centro penitenciario federal, la lista de centros penitenciarios federales que se despliega corresponde a los que registró como respuesta en la pregunta 1.1 del módulo 1 del presente censo."
nada,"6.- En caso de que los registros con los que cuente no le permitan desglosar la información de acuerdo con los requerimientos solicitados, anote ""NS"" (No se sabe) en las celdas donde no disponga de información. En el recuadro para comentarios de cada pregunta debe proporcionar una justificación respecto del uso del ""NS"" en determinado reactivo. "
nada,"7.- No deje celdas en blanco, salvo en los casos en que la instrucción así lo solicite. "
catalogo,"1.- Para cada centro penitenciario federal, en caso de que en la columna ""Tipo de centro penitenciario federal"" de la pregunta 1.2 seleccione el código 1, 4, 7 o 10, no puede registrar información en la columna ""Mujeres"" de las preguntas 1.2, 1.3, 1.4, 1.5, 1.6, 1.12, 1.13, 1.14, 1.16 y 1.18."
catalogo,"2.- Para cada centro penitenciario federal, en caso de que en la columna ""Tipo de centro penitenciario federal"" de la pregunta 1.2 seleccione el código 2, 5, 8 u 11, no puede registrar información en la columna ""Hombres"" de las preguntas 1.2, 1.3, 1.4, 1.5, 1.6, 1.12, 1.13, 1.14, 1.16 y 1.18."
consistencia,"3.- Para cada centro penitenciario federal, la cantidad registrada en la columna ""Total"" de las preguntas 1.4, 1.5, 1.6, 1.12, 1.13, 1.14, 1.16 y 1.18 debe ser igual a la cantidad reportada como respuesta en la columna ""Total"" de la pregunta 1.2, así como corresponder a su desagregación por sexo."
consistencia,"4.- Para las preguntas 1.7, 1.8, 1.9, 1.10 y 1.20, la suma de las cantidades registradas en la columna ""Total"" debe ser igual a la suma de las cantidades reportadas como respuesta en la columna ""Total"" de la pregunta 1.2, así como corresponder a su desagregación por sexo."
nada,"5.- En caso de no conocer alguna de las características solicitadas de las personas ingresadas a los centros penitenciarios federales, debe considerarlas en la clasificación ""No identificado"" que corresponda."
nada,"Para cada centro penitenciario federal, el tipo de centro penitenciario registrado debe corresponder con el reportado como respuesta en la columna ""Tipo de centro penitenciario federal"" de la pregunta 1.1 del módulo 1 de este censo."
nada,"No debe considerar a las personas ingresadas por traslado provenientes de algún otro centro penitenciario, pues estas se requieren en la pregunta siguiente."
nada,Debe considerar los años cumplidos de las personas al momento de su ingreso a los centros penitenciarios federales.
nada,"Debe considerar el grado máximo de estudios del que hayan cursado todos los años las personas al momento de su ingreso a los centros penitenciarios federales, independientemente de que se cuente con el certificado o título del mismo."
consistencia,"La suma de las cantidades registradas en la columna ""Total"" debe ser igual o mayor a la suma de las cantidades reportadas como respuesta en la columna ""Total"" de la pregunta 1.2, así como corresponder a su desagregación por sexo; toda vez que una persona ingresada pudo haber ejercido más de una ocupación al momento de su ingreso al centro penitenciario federal."
catalogo,"El catálogo mostrado únicamente contempla el nivel de división, sin desagregar grupo principal, subgrupo y grupo unitario. Una consulta más detallada puede encontrarse en: 
https://www.inegi.org.mx/contenido/productos/prod_serv/contenidos/espanol/bvinegi/productos/nueva_estruc/702825198411.pdf"
consistencia,"La suma de las cantidades registradas en la columna ""Total"" debe ser igual o mayor a la suma de las cantidades reportadas como respuesta en la columna ""Subtotal"" del apartado ""Hablan alguna lengua indígena"" de la pregunta anterior, así como corresponder a su desagregación por sexo; toda vez que una persona ingresada puede hablar más de una lengua indígena de diferente familia lingüística. "
especifique,"En caso de que registre algún valor numérico o ""NS"" para el numeral 13, debe anotar el nombre de dicha(s) familia(s) lingüística(s) en el recuadro destinado para tal efecto que se encuentra al final de la tabla de respuesta. En caso de que la opción contenida en dicho numeral no le aplique, anote ""NA"" (No aplica) en las celdas correspondientes. "
catalogo,"El catálogo mostrado únicamente contempla el nivel familia lingüística, sin desagregar grupo y lengua. Una consulta más detallada puede encontrarse en: http://internet.contenidos.inegi.org.mx/contenidos/Productos/prod_serv/contenidos/espanol/bvinegi/productos/nueva_estruc/702825064617.pdf"
consistencia,"La suma de las cantidades registradas en la columna ""Total"" debe ser igual a la suma de las cantidades reportadas como respuesta en la columna ""Subtotal"" del apartado “Pertenecen a algún pueblo indígena” de la pregunta anterior, así como corresponder a su desagregación por sexo."
nada,En el numeral 3 debe considerar aquellas personas que cuentan con antecedentes penales por la comisión de delitos tanto del fuero común como del fuero federal.
consistencia,"La suma de las cantidades registradas en la columna ""Total"" debe ser igual a la suma de las cantidades reportadas como respuesta en la columna ""Subtotal"" del apartado ""Con antecedentes penales"" de la pregunta anterior, así como corresponder a su desagregación por sexo."
consistencia,"1.- Para las preguntas 1.22 y 1.23, la suma de las cantidades registradas en las desagregaciones de los delitos debe dar como resultado el total del delito principal registrado en los numerales 02.06, 03.04, 04.01, 04.02, 04.05, 06.01, 06.02, 07.01, 07.02, 07.06, 08.01, 08.02, 09.05, 09.07 y 09.16."
nada,"2.- Para las preguntas 1.22 y 1.23, en caso de que alguno de los delitos listados no se encuentre tipificado en su normatividad aplicable, anote ""NA"" (No aplica) en la celda correspondiente a la columna ""Total"" y deje el resto de la fila de dicho delito en blanco."
consistencia,"3.- Para las preguntas 1.22 y 1.23, en caso de que reporte ""NA"" (No aplica) para algún delito principal registrado en los numerales 02.06, 03.04, 04.01, 04.02, 04.05, 06.01, 06.02, 07.01, 07.02, 07.06, 08.01, 08.02, 09.05, 09.07 y 09.16, sus respectivas desagregaciones también deben reportarse conforme a la instrucción anterior. "
nada,"4.- Para las preguntas 1.22 y 1.23, en caso de no conocer el tipo de delito del que se trate en cada bien jurídico, regístrelo en la clasificación “No identificado” correspondiente. En consecuencia, no debe considerarse dentro de la clasificación “Otro” asociada a determinado bien jurídico. "
25%,"5.- Para las preguntas 1.22 y 1.23, en caso de que la incidencia de registro de información en la clasificación ""Otro"" de cada bien jurídico sea mayor al 25% del total correspondiente al mismo, debe anotar en el recuadro que se encuentra al final de la tabla de respuesta el nombre del o de los delitos registrados en dicha clasificación."
nada,"6.- Para las preguntas 1.22 y 1.23, en caso de dudas sobre la clasificación de delitos, favor de consultar la Norma Técnica para la Clasificación Nacional de Delitos para Fines Estadísticos: https://www.dof.gob.mx/nota_detalle.php?codigo=5541706&fecha=22/10/2018. De igual forma, puede consultar el Manual de Implementación de la Norma Técnica para la Clasificación Nacional de Delitos para Fines Estadísticos: https://www.snieg.mx/DocumentacionPortal/Normatividad/vigente/manual_implemen_nt_vf_250719.pdf"
consistencia,"La suma de las cantidades registradas en la columna ""Total"" debe ser igual o mayor a la suma de las cantidades reportadas como respuesta en la columna ""Total"" de la pregunta 1.4, así como corresponder a su desagregación por sexo y fuero del delito cometido; toda vez que una persona pudo haber ingresado por la comisión de uno o más delitos. En caso de que esta instrucción no le aplique, justifíquelo en el recuadro que se encuentra al final de la tabla de respuesta."
consistencia,"Asimismo, la suma de las cantidades registradas en la columna ""Total"" debe ser igual o mayor a la suma de las cantidades reportadas como respuesta en la columna ""Total"" de la pregunta 1.5, así como corresponder a su desagregación por sexo y tipo de ingreso de las personas. En caso de que esta instrucción no le aplique, justifíquelo en el recuadro que se encuentra al final de la tabla de respuesta."
consistencia,"La suma de las cantidades registradas en la columna ""Total"" debe ser igual a la cantidad reportada como respuesta en la columna ""Total"" del numeral 1 de la pregunta anterior, así como corresponder a su desagregación por sexo y tipo de ingreso de las personas."
consistencia,"La suma de las cantidades registradas en la columna ""Total"" debe ser igual a la cantidad reportada como respuesta en la columna ""Total"" del numeral 2 de la pregunta 1.21, así como corresponder a su desagregación por sexo y tipo de ingreso de las personas."
nada,"No debe considerar a las personas egresadas por traslado, extradición, fuga o fallecimiento, pues estas se requieren en la pregunta siguiente."
nada,"En el apartado ""Personas egresadas por traslado"" debe registrar aquellas personas trasladadas a otro centro penitenciario federal, centro penitenciario estatal o traslado internacional."
consistencia,"Para cada centro penitenciario federal, la cantidad registrada en la columna ""Total"" debe ser igual a la cantidad reportada como respuesta en la columna ""Total"" de la pregunta 1.24, así como corresponder a su desagregación por sexo."
nada,"En el apartado ""Por delitos del fuero común y delitos del fuero federal"" debe registrar aquellas personas egresadas que, en su momento, fueron ingresadas a los centros penitenciarios federales por la comisión de delitos tanto del fuero común como del fuero federal; ello en el supuesto de que una persona pudo haber sido ingresada por la comisión de delitos de ambos fueros."
consistencia,"Para cada centro penitenciario federal, la cantidad registrada en la columna ""Total"" debe ser igual a la cantidad reportada como respuesta en la columna ""Total"" de la pregunta 1.24, así como corresponder a su desagregación por sexo."
especifique,"En caso de que registre algún valor numérico o ""NS"" en el apartado ""Otro tipo de egreso"", debe anotar el nombre de dicho(s) tipo(s) de egreso en el recuadro destinado para tal efecto que se encuentra al final de la última tabla de respuesta. En caso de que la opción contenida en dicha columna no le aplique, anote ""NA"" (No aplica) en las celdas correspondientes. "
consistencia,"La suma de las cantidades registradas en la columna ""Total"" debe ser igual a la suma de las cantidades reportadas como respuesta en la columna ""Total"" de la pregunta 1.24, así como corresponder a su desagregación por sexo."
consistencia,"La suma de las cantidades registradas en la columna ""Total"" debe ser igual o mayor a la suma de las cantidades reportadas como respuesta en la columna ""Total"" de la pregunta 1.26, así como corresponder a su desagregación por sexo y fuero del delito cometido; toda vez que una persona egresada pudo, en su momento, estar privada de la libertad por la comisión de uno o más delitos. En caso de que esta instrucción no le aplique, justifíquelo en el recuadro que se encuentra al final de la última tabla de respuesta."
consistencia,"Asimismo, la suma de las cantidades registradas en la columna ""Total"" debe ser igual o mayor a la suma de las cantidades reportadas como respuesta en la columna ""Total"" de la pregunta 1.27, así como corresponder a su desagregación por sexo y tipo de egreso de las personas. En caso de que esta instrucción no le aplique, justifíquelo en el recuadro que se encuentra al final de la última tabla de respuesta."
consistencia,"La suma de las cantidades registradas en la columna ""Total"" debe ser igual a la cantidad reportada como respuesta en la columna ""Total"" del numeral 1 de la pregunta anterior, así como corresponder a su desagregación por sexo y tipo de egreso de las personas."
blancos,"1.- Para cada centro penitenciario federal, en caso de que en la columna ""Tipo de centro penitenciario federal"" de la pregunta 1.2 haya seleccionado el código 1, 4, 7 o 10, no puede registrar información en la columna ""Mujeres"" de las preguntas 1.32, 1.33, 1.34, 1.41, 1.42, 1.44, 1.45, 1.46, 1.47, 1.49, 1.51, 1.53, 1.55, 1.57 y 1.59."
blancos,"2.- Para cada centro penitenciario federal, en caso de que en la columna ""Tipo de centro penitenciario federal"" de la pregunta 1.2 haya seleccionado el código 2, 5, 8 u 11, no puede registrar información en la columna ""Hombres"" de las preguntas 1.32, 1.33, 1.34, 1.41, 1.42, 1.44, 1.45, 1.46, 1.47, 1.49, 1.51, 1.53, 1.55, 1.57 y 1.59."
consistencia,"3.- Para cada centro penitenciario federal, la cantidad registrada en la columna ""Total"" de las preguntas 1.33, 1.34, 1.41, 1.42, 1.44, 1.45, 1.46, 1.47, 1.49, 1.51, 1.53, 1.55, 1.57 y 1.59 debe ser igual a la cantidad reportada como respuesta en la columna ""Total"" de la pregunta 1.32, así como corresponder a su desagregación por sexo."
consistencia,"4.- Para las preguntas 1.37, 1.38, 1.39, 1.40 y 1.61, la suma de las cantidades registradas en la columna ""Total"" debe ser igual a la suma de las cantidades reportadas como respuesta en la columna ""Total"" de la pregunta 1.32, así como corresponder a su desagregación por sexo."
nada,"5.- En caso de no conocer alguna de las características solicitadas de las personas privadas de la libertad en los centros penitenciarios federales, debe considerarlas en la clasificación ""No identificado"" que corresponda."
nada,"En el apartado ""Por delitos del fuero común y delitos del fuero federal"" debe registrar aquellas personas privadas de la libertad en los centros penitenciarios federales por la comisión de delitos tanto del fuero común como del fuero federal; ello en el supuesto de que una persona pudo haber cometido delitos de ambos fueros."
consistencia,"La suma de las cantidades registradas en la columna ""Total"" debe ser igual a la suma de las cantidades reportadas como respuesta en la columna ""Subtotal"" del apartado ""Sin sentencia"" de la pregunta anterior, así como corresponder a su desagregación por sexo."
consistencia,"La suma de las cantidades registradas en la columna ""Total"" debe ser igual a la suma de las cantidades reportadas como respuesta en las columnas ""Subtotal"" del apartado ""Con sentencia"" de la pregunta 1.34, así como corresponder a su desagregación por sexo."
nada,Debe considerar los años cumplidos al cierre del año 2021 de las personas privadas de la libertad en los centros penitenciarios federales.
nada,"Debe considerar el grado máximo de estudios del que hayan cursado todos los años al cierre del año 2021 las personas privadas de la libertad en los centros penitenciarios federales, independientemente de que se cuente con el certificado o título del mismo."
consistencia,"Para cada centro penitenciario federal, la cantidad registrada en la columna ""Total"" debe ser igual o mayor a la cantidad reportada como respuesta en la columna ""Subtotal"" del apartado “Con hijos” de la pregunta anterior."
consistencia,"La suma de las cantidades registradas en la columna ""Total"" debe ser igual o mayor a la suma de las cantidades reportadas como respuesta en la columna ""Subtotal"" del apartado ""Hablan alguna lengua indígena"" de la pregunta anterior, así como corresponder a su desagregación por sexo; toda vez que una persona privada de la libertad puede hablar más de una lengua indígena de diferente familia lingüística. "
especifique,"En caso de que registre algún valor numérico o ""NS"" para el numeral 13, debe anotar el nombre de dicha(s) familia(s) lingüística(s) en el recuadro destinado para tal efecto que se encuentra al final de la tabla de respuesta. En caso de que la opción contenida en dicho numeral no le aplique, anote ""NA"" (No aplica) en las celdas correspondientes. "
nada,"El catálogo mostrado únicamente contempla el nivel familia lingüística, sin desagregar grupo y lengua. Una consulta más detallada puede encontrarse en: http://internet.contenidos.inegi.org.mx/contenidos/Productos/prod_serv/contenidos/espanol/bvinegi/productos/nueva_estruc/702825064617.pdf"
consistencia,"La suma de las cantidades registradas en la columna ""Total"" debe ser igual a la suma de las cantidades reportadas como respuesta en la columna ""Subtotal"" del apartado “Pertenecen a algún pueblo indígena” de la pregunta anterior, así como corresponder a su desagregación por sexo."
consistencia,"La suma de las cantidades registradas en la columna ""Total"" debe ser igual o mayor a la suma de las cantidades reportadas como respuesta en la columna ""Subtotal"" del apartado ""Con discapacidad"" de la pregunta anterior, así como corresponder a su desagregación por sexo; toda vez que una persona privada de la libertad puede contar con uno o más tipos de discapacidad."
consistencia,"La suma de las cantidades registradas en la columna ""Total"" debe ser igual o mayor a la suma de las cantidades reportadas como respuesta en la columna ""Subtotal"" del apartado ""Con adicción a sustancias psicoactivas"" de la pregunta anterior, así como corresponder a su desagregación por sexo; toda vez que una persona privada de la libertad puede presentar adicción a una o más sustancias psicoactivas."
consistencia,"La suma de las cantidades registradas en la columna ""Total"" debe ser igual o mayor a la suma de las cantidades reportadas como respuesta en la columna ""Subtotal"" del apartado ""Con alguna enfermedad crónica-degenerativa"" de la pregunta anterior, así como corresponder a su desagregación por sexo; toda vez que una persona privada de la libertad puede tener una o más enfermedades crónicas-degenerativas."
consistencia,"La suma de las cantidades registradas en la columna ""Total"" debe ser igual o mayor a la suma de las cantidades reportadas como respuesta en la columna ""Subtotal"" del apartado ""Con alguna enfermedad mental y/o trastorno cognitivo"" de la pregunta anterior, así como corresponder a su desagregación por sexo; toda vez que una persona privada de la libertad puede tener una o más enfermedades mentales y/o trastornos cognitivos."
consistencia,"1.- Para las preguntas 1.63 y 1.64, la suma de las cantidades registradas en las desagregaciones de los delitos debe dar como resultado el total del delito principal registrado en los numerales 02.06, 03.04, 04.01, 04.02, 04.05, 06.01, 06.02, 07.01, 07.02, 07.06, 08.01, 08.02, 09.05, 09.07 y 09.16."
blancos,"2.- Para las preguntas 1.63 y 1.64, en caso de que alguno de los delitos listados no se encuentre tipificado en su normatividad aplicable, anote ""NA"" (No aplica) en la celda correspondiente a la columna ""Total"" y deje el resto de la fila de dicho delito en blanco."
blancos,"3.- Para las preguntas 1.63 y 1.64, en caso de que reporte ""NA"" (No aplica) para algún delito principal registrado en los numerales 02.06, 03.04, 04.01, 04.02, 04.05, 06.01, 06.02, 07.01, 07.02, 07.06, 08.01, 08.02, 09.05, 09.07 y 09.16, sus respectivas desagregaciones también deben reportarse conforme a la instrucción anterior. "
nada,"4.- Para las preguntas 1.63 y 1.64, en caso de no conocer el tipo de delito del que se trate en cada bien jurídico, regístrelo en la clasificación “No identificado” correspondiente. En consecuencia, no debe considerarse dentro de la clasificación “Otro” asociada a determinado bien jurídico. "
25%,"5.- Para las preguntas 1.63 y 1.64, en caso de que la incidencia de registro de información en la clasificación ""Otro"" de cada bien jurídico sea mayor al 25% del total correspondiente al mismo, debe anotar en el recuadro que se encuentra al final de la tabla de respuesta el nombre del o de los delitos registrados en dicha clasificación."
nada,"6.- Para las preguntas 1.63 y 1.64, en caso de dudas sobre la clasificación de delitos, favor de consultar la Norma Técnica para la Clasificación Nacional de Delitos para Fines Estadísticos: https://www.dof.gob.mx/nota_detalle.php?codigo=5541706&fecha=22/10/2018. De igual forma, puede consultar el Manual de Implementación de la Norma Técnica para la Clasificación Nacional de Delitos para Fines Estadísticos: https://www.snieg.mx/DocumentacionPortal/Normatividad/vigente/manual_implemen_nt_vf_250719.pdf"
consistencia,"Para cada delito seleccionado, la cantidad registrada en la columna ""Total"" debe ser igual o menor a la suma de las cantidades reportadas como respuesta en la columna ""Total"" de la pregunta 1.32, así como corresponder a su desagregación por sexo."
consistencia,"Para cada desagregación de los delitos seleccionados, la cantidad registrada en la columna ""Total"" debe ser igual o menor a la cantidad reportada como respuesta en la columna ""Total"" de la pregunta anterior, así como corresponder a su desagregación por sexo. En caso de que esta instrucción no le aplique, justifíquelo en el recuadro que se encuentra al final de la tabla de respuesta. "
consistencia,"La suma de las cantidades registradas en los delitos 01.01.01.01.05.01, 01.01.01.01.05.02 y 01.01.01.01.05.09 debe dar como resultado el total del delito principal registrado en el numeral 01.01."
consistencia,"La suma de las cantidades registradas en los delitos 06.02.01, 06.02.02, 06.02.03, 06.02.99 y 06.02.00 debe dar como resultado el total del delito principal registrado en el numeral 06.02."
blancos,"Para la tabla I, en caso de que determinado centro penitenciario federal no haya contado con información sobre las visitas efectuadas a la población privada de la libertad, o no cuente con información para determinarlo, indíquelo en la columna correspondiente conforme al catálogo respectivo y deje el resto de la fila en blanco. Esta información debe ser consistente con la reportada como respuesta en la pregunta 6.4 del módulo 1 de este censo (Sistema de información sobre las personas visitantes autorizadas y de visitas efectuadas). En caso de que lo anterior no le aplique, justifíquelo en el recuadro que se encuentra al final de la última tabla de respuesta."
blancos,"Para la tabla II, en caso de que determinado centro penitenciario federal no haya contado con información sobre las personas visitantes autorizadas, o no cuente con información para determinarlo, indíquelo en la columna correspondiente conforme al catálogo respectivo y deje el resto de la fila en blanco. Esta información debe ser consistente con la reportada como respuesta en la pregunta 6.4 del módulo 1 de este censo (Sistema de información sobre las personas visitantes autorizadas y de visitas efectuadas). En caso de que lo anterior no le aplique, justifíquelo en el recuadro que se encuentra al final de la última tabla de respuesta."
nada,"En la tabla I debe considerar las visitas efectuadas a las personas privadas de la libertad, según el sexo de las personas privadas de la libertad visitadas; independientemente de que dichas personas sean las mismas."
blancos,"Para cada centro penitenciario federal, en caso de que en la columna ""Tipo de centro penitenciario federal"" de la pregunta 1.2 haya seleccionado el código 1, 4, 7 o 10, no puede registrar información en la columna ""Mujeres"" de la tabla I. "
blancos,"Para cada centro penitenciario federal, en caso de que en la columna ""Tipo de centro penitenciario federal"" de la pregunta 1.2 haya seleccionado el código 2, 5, 8 u 11, no puede registrar información en la columna ""Hombres"" de la tabla I. "
catalogox,"Para cada centro penitenciario federal, en caso de que haya seleccionado el código ""2"" o ""9"" en la columna ""¿Contaba con información sobre las visitas efectuadas a la población privada de la libertad?"" de la tabla I de la pregunta anterior, anote una ""X"" en la columna ""No aplica"" y deje el resto de la fila en blanco."
blancos,"Para cada centro penitenciario federal, en caso de que en la columna ""Tipo de centro penitenciario federal"" de la pregunta 1.2 haya seleccionado el código 1, 4, 7 o 10, no puede registrar información en la columna ""Mujeres""."
blancos,"Para cada centro penitenciario federal, en caso de que en la columna ""Tipo de centro penitenciario federal"" de la pregunta 1.2 haya seleccionado el código 2, 5, 8 u 11, no puede registrar información en la columna ""Hombres""."
consistencia,"Para cada centro penitenciario federal, la cantidad registrada en la columna ""Total"" debe ser igual o menor a la cantidad reportada como respuesta en la columna ""Total"" de la tabla I de la pregunta anterior, así como corresponder a su desagregación por sexo."
especifique,"En caso de que registre algún valor numérico o ""NS"" para la columna ""Otro tipo de incidente"" debe anotar el nombre de dicho(s) tipo(s) de incidente(s) en el recuadro destinado para tal efecto que se encuentra al final de la tabla de respuesta. En caso de que la opción contenida en dicha columna no le aplique, anote ""NA"" (No aplica) en las celdas correspondientes. "
catalogox,"Para cada centro penitenciario federal, en caso de no haber registrado un dato numérico mayor a cero en la columna ""Total"" de la pregunta 2.1, anote una ""X"" en la columna ""No aplica"" y deje el resto de la fila en blanco."
blancos,"En caso de que durante la ocurrencia de incidentes al interior de determinado centro penitenciario federal no hayan existido personas fallecidas, o no cuente con información para determinarlo, indíquelo en la columna correspondiente conforme al catálogo respectivo y deje en blanco las columnas correspondientes al grupo ""Personas fallecidas, según tipo y sexo""."
blancos,"En caso de que durante la ocurrencia de incidentes al interior de determinado centro penitenciario federal no hayan existido personas heridas, o no cuente con información para determinarlo, indíquelo en la columna correspondiente conforme al catálogo respectivo y deje en blanco las columnas correspondientes al grupo ""Personas heridas, según tipo y sexo""."
blancos,"Para cada centro penitenciario federal, en caso de que en la columna ""Tipo de centro penitenciario federal"" de la pregunta 1.2 haya seleccionado el código 1, 4, 7 o 10, no puede registrar información en la columna ""Mujeres"" del apartado ""Personas privadas de la libertad"", tanto del grupo ""Personas fallecidas, según tipo y sexo"" como del grupo ""Personas heridas, según tipo y sexo""."
blancos,"Para cada centro penitenciario federal, en caso de que en la columna ""Tipo de centro penitenciario federal"" de la pregunta 1.2 haya seleccionado el código 2, 5, 8 u 11, no puede registrar información en la columna ""Hombres"" del apartado ""Personas privadas de la libertad"", tanto del grupo ""Personas fallecidas, según tipo y sexo"" como del grupo ""Personas heridas, según tipo y sexo""."
catalogox,"Para cada centro penitenciario federal, en caso de no haber registrado un dato numérico mayor a cero en la columna ""Total"" de la pregunta 2.1 y/o no haber registrado un dato numérico mayor a cero en las columnas ""Hombres"" y ""Mujeres"" del apartado ""Personas privadas de la libertad"" del grupo ""Personas fallecidas, según tipo y sexo"" de la pregunta anterior, anote una ""X"" en la columna ""No aplica"" y deje el resto de la fila en blanco."
blancos,"Para cada centro penitenciario federal, en caso de que en la columna ""Tipo de centro penitenciario federal"" de la pregunta 1.2 haya seleccionado el código 1, 4, 7 o 10, no puede registrar información en las columnas ""Mujeres""."
blancos,"Para cada centro penitenciario federal, en caso de que en la columna ""Tipo de centro penitenciario federal"" de la pregunta 1.2 haya seleccionado el código 2, 5, 8 u 11, no puede registrar información en las columnas ""Hombres""."
consistencia,"Para cada centro penitenciario federal, la cantidad registrada en la columna ""Total"" debe ser igual a la suma de las cantidades reportadas como respuesta en las columnas ""Hombres"" y ""Mujeres"" del apartado ""Personas privadas de la libertad"" del grupo ""Personas fallecidas, según tipo y sexo"" de la pregunta anterior, así como corresponder a su desagregación por sexo. "
consistencia,"La suma de las cantidades registradas en la columna ""Total"" del apartado ""Homicidio"" debe ser igual a la cantidad reportada como respuesta para el numeral 4 en la columna ""Total"" del apartado ""Homicidio"" de la pregunta anterior, así como corresponder a su desagregación por sexo y tipo de homicidio."
consistencia,"La suma de las cantidades registradas en la columna ""Total"" del apartado ""Suicidio” debe ser igual a la cantidad reportada como respuesta para el numeral 4 en la columna ""Total"" del apartado ""Suicidio"" de la pregunta anterior, así como corresponder a su desagregación por sexo."
especifique,"En caso de que registre algún valor numérico o ""NS"" para el numeral 7, debe anotar el nombre de dicho(s) objeto(s) en el recuadro destinado para tal efecto que se encuentra al final de la tabla de respuesta. En caso de que la opción contenida en dicho numeral no le aplique, anote ""NA"" (No aplica) en las celdas correspondientes."
blancos,"Para cada centro penitenciario federal, en caso de que en la columna ""Tipo de centro penitenciario federal"" de la pregunta 1.2 haya seleccionado el código 1, 4, 7 o 10, no puede registrar información en las columnas ""Mujeres""."
blancos,"Para cada centro penitenciario federal, en caso de que en la columna ""Tipo de centro penitenciario federal"" de la pregunta 1.2 haya seleccionado el código 2, 5, 8 u 11, no puede registrar información en las columnas ""Hombres""."
catalogox,"Para cada centro penitenciario federal, en caso de no haber registrado un dato numérico mayor a cero en la columna ""Subtotal"" del apartado ""Causas naturales"" de la pregunta anterior, anote una ""X"" en la columna ""No aplica"" y deje el resto de la fila en blanco."
blancos,"Para cada centro penitenciario federal, en caso de que en la columna ""Tipo de centro penitenciario federal"" de la pregunta 1.2 haya seleccionado el código 1, 4, 7 o 10, no puede registrar información en la columna ""Mujeres""."
blancos,"Para cada centro penitenciario federal, en caso de que en la columna ""Tipo de centro penitenciario federal"" de la pregunta 1.2 haya seleccionado el código 2, 5, 8 u 11, no puede registrar información en la columna ""Hombres""."
consistencia,"Para cada centro penitenciario federal, la cantidad registrada en la columna ""Total"" debe ser igual o menor a la cantidad reportada como respuesta en la columna ""Subtotal"" del apartado ""Causas naturales"" de la pregunta anterior, así como corresponder a su desagregación por sexo."
blancos,"En caso de que los centros penitenciarios federales no hayan implementado acciones para prevenir incidentes, o no cuente con información para determinarlo, indíquelo en la columna correspondiente conforme al catálogo respectivo y deje el resto de la fila en blanco."
catalogox,"Seleccione con una ""X"" la o las opciones que correspondan."
especifique,"En caso de que seleccione la columna ""Otras acciones"", debe anotar el nombre de dicha(s) acción(es) en el recuadro destinado para tal efecto que se encuentra al final de la tabla de respuesta. "
catalogox,"Seleccione con una ""X"" un solo código."
blancos,"En caso de que no haya contado con algún plan o programa postpenitenciario, se haya encontrado en proceso de integración, o no cuente con información para determinarlo, indíquelo en la columna correspondiente conforme al catálogo respectivo y deje el resto de la fila en blanco."
blancos,"En caso de que haya contado con algún plan o programa postpenitenciario, pero este no se encuentre disponible en línea, en la columna ""Sitio donde se encuentra disponible el plan o programa postpenitenciario (URL)"" anote ""NA"" (No aplica)."
nada,La cifra debe anotarse en pesos mexicanos (no debe agregar la frase “miles o millones de pesos”).
nada,Únicamente desagregue dos decimales para la cifra registrada.
nada,"Dentro de las sedes debe considerar las oficinas centrales o sede principal del órgano o unidad encargada de la prestación de los servicios postpenales, misma que debe registrar en el numeral 1."
nada,"Para el numeral 1, únicamente debe considerar la información correspondiente a las oficinas centrales o sede principal del órgano o unidad encargada de la prestación de los servicios postpenales, por lo que no debe considerar la información del resto de las sedes de dicho órgano o unidad. "
blancos,"En caso de que determinada sede del órgano o unidad encargada de la prestación de los servicios postpenales no haya contado con espacios físicos de infraestructura, o no cuente con información para determinarlo, indíquelo en la columna correspondiente conforme al catálogo respectivo y deje el resto de la fila en blanco."
catalogox,"Para cada sede del órgano o unidad encargada de la prestación de los servicios postpenales, seleccione con una ""X"" la o las opciones que correspondan."
especifique,"En caso de que seleccione la columna ""Otra área o espacio físico de infraestructura"", debe anotar el nombre de dicha(s) área(s) o espacio(s) físico(s) de infraestructura en el recuadro destinado para tal efecto que se encuentra al final de la tabla de respuesta."
nada,"En el Complemento debe anotar la ubicación geográfica de cada una de las sedes del órgano o unidad encargada de la prestación de los servicios postpenales que registre, de acuerdo con los datos solicitados."
nada,"Debe considerar todas las posiciones o designaciones (Consejeros(as)) que integraban el Pleno del Consejo de la Judicatura Federal al cierre del año, incluyendo las posiciones o designaciones (Consejeros(as)) vacantes. "
especifique,"En caso de que registre algún valor numérico o ""NS"" para el numeral 3, debe anotar la descripción de la(s) posición(es) o designación(es) vacante(s) en el recuadro destinado para tal efecto que se encuentra al final de las opciones de respuesta. En caso de que la opción contenida en dicho numeral no le aplique, anote ""NA"" (No aplica) en la celda correspondiente."
consistencia,"La cantidad de Consejeros(as) registrados(as) en la columna ""Descripción"" debe ser igual a la suma de las cantidades reportadas como respuesta en los numerales 1 y 2 de la pregunta anterior, así como corresponder a su desagregación por sexo."
nada,"En la columna ""Descripción"" debe anotar el nombre de la posición y/o designación que ocupaba al cierre del año cada uno de los integrantes del Pleno del Consejo de la Judicatura Federal."
nada,"Para el caso de la edad, debe considerar los años cumplidos al 31 de diciembre de 2021."
nada,"Para el caso de los ingresos brutos mensuales, únicamente debe considerar aquellos percibidos por el desempeño de sus funciones como Consejero(a) del Pleno del Consejo de la Judicatura Federal. Estos ingresos deben anotarse en pesos mexicanos (no debe agregar la frase “miles o millones de pesos”) y solo deben desagregar dos decimales."
nada,"Para el caso de los ingresos brutos mensuales, en caso de que determinado(a) Consejero(a) no haya recibido alguna contraprestación por el ejercicio de dicho cargo, anote ""NA"" (No aplica) en la columna correspondiente y justifíquelo en el recuadro de comentarios que se encuentra en la parte inferior de los catálogos de respuesta."
catalogo,"Para el caso del último grado de estudios, seleccione en la primera columna el último nivel de escolaridad cursado de acuerdo con las opciones del catálogo. En la columna ""Estatus"" debe indicar la opción que corresponda de acuerdo con el tipo de conclusión de dicho nivel al 31 de diciembre de 2021."
nada,"Para el caso del último grado de estudios, en caso de que registre el código ""9"" en la columna ""Nivel de escolaridad"", únicamente puede seleccionar el código ""9"" en la columna ""Estatus""."
blancos,"En caso de que el Consejo de la Judicatura Federal no haya contado con comisiones y/o comités, o no cuente con información para determinarlo, indíquelo en la columna correspondiente conforme al catálogo respectivo y deje el resto de la fila en blanco."
catalogo,"En caso de que haya seleccionado el código ""2"" o ""9"" en la columna ""¿Contaba con comisiones y/o comités?"" de la pregunta anterior, no puede contestar este reactivo."
nada,"En caso de que determinada comisión o comité haya atendido dos o más temas o asuntos establecidos en el catálogo correspondiente, en la columna ""Principal"" debe registrar la clave del tema o asunto que se considere más importante, y el resto en las columnas ""Secundario(s)"", iniciando de izquierda a derecha. "
consistencia,"La cantidad de comisiones y comités que registre debe ser igual a la cantidad reportada como respuesta en la columna ""Total de comisiones y comités"" de la pregunta anterior."
especifique,"En caso de que seleccione el código ""21"" en alguna de las columnas del apartado ""Tema o asunto atendido"", debe anotar el nombre de dicho(s) tema(s) o asunto(s) en el recuadro destinado para tal efecto que se encuentra al final de la tabla de respuesta."
blancos,"En caso de que al personal adscrito no se le hayan impartido acciones formativas, o no cuente con información para determinarlo, indíquelo en la columna correspondiente conforme al catálogo respectivo y deje el resto de la fila en blanco."
nada,"En el apartado ""Acciones formativas impartidas, según medio de presentación"" debe considerar las acciones formativas impartidas del 1 de enero al 31 de diciembre de 2021 al personal adscrito, independientemente de que hayan concluido durante el referido año."
nada,"En el apartado ""Acciones formativas impartidas y concluidas, según medio de presentación"" debe considerar las acciones formativas impartidas del 1 de enero al 31 de diciembre de 2021 al personal adscrito, y que además hayan concluido durante el referido año."
nada,"Debe considerar al personal adscrito que haya concluido determinada acción formativa impartida y concluida entre el 1 de enero y el 31 de diciembre de 2021, independientemente de que, por cuestiones de temporalidad, cuente con el certificado, constancia, calificación aprobatoria o cualquier documento que lo acredite."
nada,"En caso de que algún servidor público haya concluido más de una acción formativa impartida y concluida entre el 1 de enero y el 31 de diciembre de 2021, debe ser considerado una sola vez en el registro de esta pregunta. "
blancos,"En caso de que haya seleccionado el código ""2"" o ""9"" en la columna ""¿Se impartieron acciones formativas al personal adscrito a los órganos jurisdiccionales del Consejo de la Judicatura Federal?"" de la pregunta anterior, no puede registrar información en el presente reactivo."
catalogox,"En caso de que no se haya realizado alguna acción formativa en determinado tema listado, anote una ""X"" en la columna ""No se realizaron acciones formativas"" y deje el resto de la fila en blanco."
nada,"En la columna ""Acciones formativas impartidas"" debe considerar las acciones formativas impartidas del 1 de enero al 31 de diciembre de 2021 al personal adscrito, independientemente de que hayan concluido durante el referido año."
nada,"En la columna ""Acciones formativas impartidas y concluidas"" debe considerar las acciones formativas impartidas del 1 de enero al 31 de diciembre de 2021 al personal adscrito, y que además hayan concluido durante el referido año."
nada,"En caso de que una acción formativa haya contemplado más de un tema, debe registrarla tantas veces como sea necesario en el o los temas correspondientes. "
consistencia,"La suma de las cantidades registradas en la columna ""Acciones formativas impartidas"" debe ser igual o mayor a la cantidad reportada como respuesta en la columna ""Total"" del apartado ""Acciones formativas impartidas, según medio de presentación"" de la pregunta anterior. "
consistencia,"La suma de las cantidades registradas en la columna ""Acciones formativas impartidas y concluidas"" debe ser igual o mayor a la cantidad reportada como respuesta en la columna ""Total"" del apartado ""Acciones formativas impartidas y concluidas, según medio de presentación"" de la pregunta anterior. "
nada,"Debe considerar al personal adscrito que haya concluido determinada acción formativa impartida y concluida entre el 1 de enero y el 31 de diciembre de 2021, independientemente de que, por cuestiones de temporalidad, cuente con el certificado, constancia, calificación aprobatoria o cualquier documento que lo acredite."
nada,"En caso de que algún servidor público haya concluido más de una acción formativa impartida y concluida entre el 1 de enero y el 31 de diciembre de 2021, debe registrarlo tantas veces como sea necesario en el o los temas correspondientes."
consistencia,"La suma de las cantidades registradas en la columna ""Total"" debe ser igual o mayor a la cantidad reportada como respuesta en la columna ""Total"" del apartado ""Personal capacitado, según cargo y/o función desempeñada y sexo"" de la pregunta anterior, así como corresponder a su desagregación por cargo y/o función desempeñada y sexo."
especifique,"En caso de que registre algún valor numérico o ""NS"" para el numeral 18, debe anotar el nombre de dicho(s) tema(s) en el recuadro destinado para tal efecto que se encuentra al final de la última tabla de respuesta."
catalogox,"Seleccione con una ""X"" un solo código."
nada,Debe considerar los años cumplidos al momento del fallecimiento del personal adscrito a los órganos jurisdiccionales del Consejo de la Judicatura Federal. 
consistencia,"La suma de las cantidades registradas en la columna ""Total"" debe ser igual a la suma de las cantidades reportadas como respuesta en la columna ""Total"" de la pregunta anterior, así como corresponder a su desagregación por cargo y/o función desempeñada y sexo."
consistencia,"La suma de las cantidades registradas en la columna ""Total"" del apartado ""Homicidio"" debe ser igual a la suma de las cantidades reportadas como respuesta en la columna ""Total"" de los tipos de homicidio listados en el numeral 1 de la pregunta 3.14, así como corresponder a su desagregación por sexo y tipo de homicidio."
consistencia,"La suma de las cantidades registradas en la columna ""Total"" del apartado ""Suicidio” debe ser igual a la cantidad reportada como respuesta en la columna ""Total"" del numeral 2 de la pregunta 3.14, así como corresponder a su desagregación por sexo."
nada,Debe considerar en pesos los ingresos brutos mensuales del personal adscrito a los órganos administrativos y/o unidades administrativas del Consejo de la Judicatura Federal.
consistencia,"La suma de las cantidades registradas en la columna ""Total"" debe ser igual a la suma de las cantidades reportadas como respuesta en la columna ""Total"" de la pregunta anterior, así como corresponder a su desagregación por nivel jerárquico y sexo. "
blancos,"En caso de que haya seleccionado el código ""2"" o ""9"" en la columna ""¿Se impartieron acciones formativas al personal adscrito a los órganos administrativos y/o unidades administrativas del Consejo de la Judicatura Federal?"" de la pregunta anterior, no puede registrar información en el presente reactivo."
catalogox,"En caso de que no se haya realizado alguna acción formativa en determinado tema listado, anote una ""X"" en la columna ""No se realizaron acciones formativas"" y deje el resto de la fila en blanco."
nada,"En la columna ""Acciones formativas impartidas"" debe considerar las acciones formativas impartidas del 1 de enero al 31 de diciembre de 2021 al personal adscrito, independientemente de que hayan concluido durante el referido año."
nada,"En la columna ""Acciones formativas impartidas y concluidas"" debe considerar las acciones formativas impartidas del 1 de enero al 31 de diciembre de 2021 al personal adscrito, y que además hayan concluido durante el referido año."
nada,"En caso de que una acción formativa haya contemplado más de un tema, debe registrarla tantas veces como sea necesario en el o los temas correspondientes. "
consistencia,"La suma de las cantidades registradas en la columna ""Acciones formativas impartidas"" debe ser igual o mayor a la cantidad reportada como respuesta en la columna ""Total"" del apartado ""Acciones formativas impartidas, según medio de presentación"" de la pregunta anterior. "
consistencia,"La suma de las cantidades registradas en la columna ""Acciones formativas impartidas y concluidas"" debe ser igual o mayor a la cantidad reportada como respuesta en la columna ""Total"" del apartado ""Acciones formativas impartidas y concluidas, según medio de presentación"" de la pregunta anterior. "
nada,"Debe considerar al personal adscrito que haya concluido determinada acción formativa impartida y concluida entre el 1 de enero y el 31 de diciembre de 2021, independientemente de que, por cuestiones de temporalidad, cuente con el certificado, constancia, calificación aprobatoria o cualquier documento que lo acredite."
nada,"En caso de que algún servidor público haya concluido más de una acción formativa impartida y concluida entre el 1 de enero y el 31 de diciembre de 2021, debe registrarlo tantas veces como sea necesario en el o los temas correspondientes."
consistencia,"La suma de las cantidades registradas en la columna ""Total"" debe ser igual o mayor a la cantidad reportada como respuesta en la columna ""Total"" del apartado ""Personal capacitado, según sexo"" de la pregunta anterior, así como corresponder a su desagregación por sexo."
especifique,"En caso de que registre algún valor numérico o ""NS"" para el numeral 17, debe anotar el nombre de dicho(s) tema(s) en el recuadro destinado para tal efecto que se encuentra al final de la tabla de respuesta."
nada,"En caso de que determinado tipo de órgano no cuente con alguna unidad administrativa para ejercer recursos, anote en ""NA"" (No aplica) en la celda correspondiente."
nada,En el numeral 2 debe considerar el presupuesto ejercido por los órganos auxiliares del Consejo de la Judicatura Federal.
consistencia,La suma de las cantidades registradas debe ser igual a la cantidad reportada como respuesta en el numeral 3 de la pregunta anterior.
consistencia,"La suma de las cantidades registradas en la columna ""Total"" debe ser igual a la suma de las cantidades reportadas como respuesta para los órganos jurisdiccionales listados en el numeral 1 de la pregunta anterior, así como corresponder a su desagregación por tipo de órgano jurisdiccional."
nada,"No debe considerar el equipo informático que se encontraba fuera de servicio, o bien, no había sido asignado para su uso u operación al cierre del año 2021."
nada,En el numeral 2 debe considerar el equipo informático de los órganos auxiliares del Consejo de la Judicatura Federal.
nada,No debe considerar la información relacionada con los trámites electrónicos ingresados a los órganos jurisdiccionales; toda vez que dicha información se solicita de forma específica en las preguntas 3.30 y 3.31.
catalogox,"Para cada tipo de trámite o servicio, en caso de que el Consejo de la Judicatura Federal no haya estado facultado para ofrecerlo, no lo haya ofrecido, o no cuente con información para determinarlo, anote una ""X"" en la columna ""No aplica"" y deje el resto de la fila en blanco."
nada,"Para cada tipo de trámite o servicio, en caso de que en la columna ""Medio de presentación"" señale el código ""1"", debe registrar el código ""4"" en la columna ""Tipo de servicio web"". En caso de que esta instrucción no le aplique, justifíquelo en el recuadro que se encuentra al final de la tabla de respuesta."
nada,"Para cada tipo de trámite o servicio, en caso de que se ofrezca a través de más de un tipo de servicio web, debe considerarlo únicamente en el de mayor relevancia digital."
nada,"Para cada tipo de trámite o servicio, en caso de que derivado de su naturaleza las opciones contenidas en las columnas ""Resoluciones favorables"" y/o ""Resoluciones de rechazo"" no le apliquen, anote ""NA"" (No aplica) en las celdas correspondientes."
nada,No debe considerar la información relacionada con los trámites electrónicos ingresados a los órganos jurisdiccionales; toda vez que dicha información se solicita de forma específica en las preguntas 3.30 y 3.31.
nada,No debe considerar los tipos de trámites y servicios establecidos en el listado de la pregunta anterior.
nada,"Debe comenzar anotando en el primer renglón el nombre del tipo de trámite o servicio realizado con mayor frecuencia, y continuar así hasta el trámite o servicio 15. En caso de no contar con 15 trámites o servicios, deje en blanco las filas sobrantes. Si, por el contrario, cuenta con más de 15 trámites o servicios, registre los 14 con mayor frecuencia y en el numeral 15 anote las palabras ""Resto de trámites y servicios"" en la columna ""Nombre del tipo de trámite o servicio"". De ser este el caso, anote el código ""88"" en la columna ""Tema"" y el código ""8"" en las columnas ""Medio de presentación"" y ""Tipo de servicio web""; ello en virtud de la imposibilidad de individualizar el registro de la información."
nada,"Para cada tipo de trámite o servicio, en caso de que en la columna ""Medio de presentación"" señale el código ""1"", debe registrar el código ""4"" en la columna ""Tipo de servicio web"". En caso de que esta instrucción no le aplique, justifíquelo en el recuadro que se encuentra al final de la tabla de respuesta."
nada,"Para cada tipo de trámite o servicio, en caso de que se ofrezca a través de más de un tipo de servicio web, debe considerarlo únicamente en el de mayor relevancia digital."
nada,"Para cada tipo de trámite o servicio, en caso de que derivado de su naturaleza las opciones contenidas en las columnas ""Resoluciones favorables"" y/o ""Resoluciones de rechazo"" no le apliquen, anote ""NA"" (No aplica) en las celdas correspondientes."
especifique,"En caso de que en la columna ""Tema"" señale el código ""9"", debe anotar el nombre de dicho(s) tema(s) en el recuadro destinado para tal efecto que se encuentra al final de la tabla de respuesta. "
especifique,"En caso de que registre algún valor numérico o ""NS"" para el numeral 7, debe anotar el nombre de dicho(s) trámite(s) electrónico(s) en el recuadro destinado para tal efecto que se encuentra al final de la tabla de respuesta. En caso de que la opción contenida en dicho numeral no le aplique, anote ""NA"" (No aplica) en las celdas correspondientes."
nada,"Para cada tabla, en caso de que para el órgano jurisdiccional de referencia haya anotado ""NA"" (No aplica) en el numeral 7 de la pregunta anterior, anote ""NA"" (No aplica) en las celdas correspondientes a la columna ""Otros trámites electrónicos""."
consistencia,"Para la tabla I, la suma de las cantidades registradas en la columna ""Total"" debe ser igual a la suma de las cantidades reportadas como respuesta en la columna ""Tribunales Colegiados de Circuito"" de la pregunta anterior, así como corresponder a su desagregación por tipo de trámite electrónico."
consistencia,"Para la tabla II, la suma de las cantidades registradas en la columna ""Total"" debe ser igual a la suma de las cantidades reportadas como respuesta en la columna ""Tribunales Unitarios de Circuito"" de la pregunta anterior, así como corresponder a su desagregación por tipo de trámite electrónico."
consistencia,"Para la tabla III, la suma de las cantidades registradas en la columna ""Total"" debe ser igual a la suma de las cantidades reportadas como respuesta en la columna ""Juzgados de Distrito"" de la pregunta anterior, así como corresponder a su desagregación por tipo de trámite electrónico."
consistencia,"Para la tabla IV, la suma de las cantidades registradas en la columna ""Total"" debe ser igual a la suma de las cantidades reportadas como respuesta en la columna ""Centros de Justicia Penal Federal"" de la pregunta anterior, así como corresponder a su desagregación por tipo de trámite electrónico."
consistencia,"Para la tabla V, la suma de las cantidades registradas en la columna ""Total"" debe ser igual a la suma de las cantidades reportadas como respuesta en la columna ""Centros Nacionales de Justicia especializados"" de la pregunta anterior, así como corresponder a su desagregación por tipo de trámite electrónico."
consistencia,"Para la tabla VI, la suma de las cantidades registradas en la columna ""Total"" debe ser igual a la suma de las cantidades reportadas como respuesta en la columna ""Tribunales Laborales Federales"" de la pregunta anterior, así como corresponder a su desagregación por tipo de trámite electrónico."
consistencia,"Para la tabla VII, la suma de las cantidades registradas en la columna ""Total"" debe ser igual a la suma de las cantidades reportadas como respuesta en la columna ""Plenos de Circuito"" de la pregunta anterior, así como corresponder a su desagregación por tipo de trámite electrónico."
consistencia,"Para la tabla VIII, la suma de las cantidades registradas en la columna ""Total"" debe ser igual a la suma de las cantidades reportadas como respuesta en la columna ""Otro tipo de órgano jurisdiccional"" de la pregunta anterior, así como corresponder a su desagregación por tipo de trámite electrónico."
nada,"No debe considerar el Certificado Único Policial (CUP), ni alguna otra evaluación que tenga que realizar el personal adscrito o asignado a la Guardia Nacional como parte de sus obligaciones o requisitos de ingreso y/o permanencia."
nada,"Para cada certificación o acreditación que registre, en caso de que haya sido otorgada por más de una autoridad o asociación, debe registrar el nombre de cada una de estas."
nada,"Para cada certificación o acreditación que registre, anote el año de vencimiento de la misma. "
catalogox,"Para cada certificación o acreditación que registre, seleccione con una ""X"" el o los rubros o aspectos evaluados."
nada,"Para cada certificación o acreditación que registre, en caso de que seleccione el código ""99"" en el apartado ""Rubros o aspectos evaluados"", no puede seleccionar otro código."
especifique,"En caso de que seleccione el código ""11"" en el apartado ""Rubros o aspectos evaluados"", debe anotar el nombre de dicho(s) rubro(s) o aspecto(s) en el recuadro destinado para tal efecto que se encuentra al final de la tabla de respuesta."
blancos,"En caso de que al cierre del año 2021 no se hubiera realizado el nombramiento de la persona titular de la Comandancia de la Guardia Nacional, o se encontrara vacante, seleccione el código ""8"" en la columna ""Sexo"" y deje el resto de la fila en blanco."
nada,"Para el caso de la edad, debe considerar los años cumplidos al 31 de diciembre de 2021."
nada,"Para el caso de los ingresos brutos mensuales, únicamente debe considerar aquellos percibidos por el desempeño de sus funciones como titular de la Comandancia de la Guardia Nacional. Estos ingresos deben anotarse en pesos mexicanos (no debe agregar la frase “miles o millones de pesos”) y solo deben desagregarse dos decimales."
nada,"Para el caso de los ingresos brutos mensuales, en caso de que la persona titular de la Comandancia de la Guardia Nacional no haya recibido alguna contraprestación por el ejercicio de dicho cargo, anote ""NA"" (No aplica) en la columna correspondiente y justifíquelo en el recuadro de comentarios que se encuentra en la parte inferior de los catálogos de respuesta."
nada,"Para el caso del último grado de estudios, seleccione en la primera columna el último nivel de escolaridad cursado de acuerdo con las opciones del catálogo. En la columna ""Estatus"" debe indicar la opción que corresponda de acuerdo con el tipo de conclusión de dicho nivel al 31 de diciembre de 2021."
nada,"Para el caso del último grado de estudios, en caso de que registre el código ""1"" en la columna ""Nivel de escolaridad"", debe anotar el código ""8"" en la columna ""Estatus""."
nada,"Para el caso del último grado de estudios, en caso de que registre el código ""2"", ""3"" o ""4"" en la columna ""Nivel de escolaridad"", no puede hacer uso del código ""4"" en la columna ""Estatus""."
nada,"Para el caso del último grado de estudios, en caso de que registre el código ""9"" en la columna ""Nivel de escolaridad"", únicamente puede seleccionar el código ""9"" en la columna ""Estatus""."
nada,"Para el caso de la institución de procedencia, debe considerar la última institución en la que la persona titular de la Comandancia de la Guardia Nacional haya prestado sus servicios antes de su nombramiento."
nada,"Para el caso de la antigüedad en el servicio público, debe considerar los años en el mismo al 31 de diciembre de 2021, aunque estos no hayan sido continuos y/o en la misma plaza."
nada,"Para el caso de la antigüedad en el cargo, debe considerar los años continuos en el mismo al 31 de diciembre de 2021."
especifique,"En caso de que seleccione el código ""3"" en la columna ""Forma de designación"", debe anotar el nombre de la misma en el recuadro destinado para tal efecto que se encuentra al final de la tabla de respuesta."
